insert into login (username, password, position, first_name, last_name, title, email, phone) values ('bgabbitus0', 'D05oqMkg', false, 'Babbette', 'Gabbitus', 'Librarian', 'bgabbitus0@gov.uk', '3031910672');
insert into login (username, password, position, first_name, last_name, title, email, phone) values ('twrightem1', 'vJuDR1C', true, 'Tracey', 'Wrightem', 'Actuary', 'twrightem1@bloglovin.com', '8052560805');
insert into login (username, password, position, first_name, last_name, title, email, phone) values ('skenington2', '7AGrmPacQ5', true, 'Sheela', 'Kenington', 'Human Resources Assistant III', 'skenington2@aboutads.info', '1061751247');
insert into login (username, password, position, first_name, last_name, title, email, phone) values ('mbusch3', 'i2Pble', true, 'Meir', 'Busch', 'Accountant IV', 'mbusch3@facebook.com', null);
insert into login (username, password, position, first_name, last_name, title, email, phone) values ('pjoicey4', 'H7bQbLV', true, 'Peg', 'Joicey', 'Engineer III', 'pjoicey4@mediafire.com', '8607494303');
insert into login (username, password, position, first_name, last_name, title, email, phone) values ('sfetterplace5', 'x4LpfM', true, 'Susan', 'Fetterplace', 'Actuary', null, '7118750640');
insert into login (username, password, position, first_name, last_name, title, email, phone) values ('hdalby6', 'GO7q3HvcC', true, 'Harvey', 'Dalby', 'Sales Associate', 'hdalby6@cnbc.com', null);
insert into login (username, password, position, first_name, last_name, title, email, phone) values ('eisacke7', 'mzGBxbQISqV', false, 'Eleanore', 'Isacke', 'Assistant Manager', 'eisacke7@wufoo.com', '4892245735');
insert into login (username, password, position, first_name, last_name, title, email, phone) values ('vsine8', 'wxGv7GtZp', false, 'Verina', 'Sine', 'Product Engineer', 'vsine8@scientificamerican.com', '4765733373');
insert into login (username, password, position, first_name, last_name, title, email, phone) values ('bcoulston9', 'XG0DJrO', true, 'Berne', 'Coulston', 'Nuclear Power Engineer', 'bcoulston9@umich.edu', null);
insert into login (username, password, position, first_name, last_name, title, email, phone) values ('gfrantseva', 'LUROh5xVYy5a', true, 'Gris', 'Frantsev', null, 'gfrantseva@disqus.com', '8664239555');
insert into login (username, password, position, first_name, last_name, title, email, phone) values ('dvellacottb', '72qK1unAO', true, 'Derk', 'Vellacott', null, 'dvellacottb@google.es', '6374231072');
insert into login (username, password, position, first_name, last_name, title, email, phone) values ('svinac', 'tIlvQoPhwLJ0', false, 'Sherm', 'Vina', 'Editor', 'svinac@skype.com', null);
insert into login (username, password, position, first_name, last_name, title, email, phone) values ('akalinovichd', 'C2zuA1SuXtN3', true, 'Adelle', 'Kalinovich', 'Electrical Engineer', 'akalinovichd@cafepress.com', '9152378613');
insert into login (username, password, position, first_name, last_name, title, email, phone) values ('kburkmane', 'py5dY3uY8u17', true, 'Kattie', 'Burkman', 'Biostatistician III', 'kburkmane@ovh.net', '7642550318');
insert into login (username, password, position, first_name, last_name, title, email, phone) values ('dsergantf', 'AJ4H0oYA6jy', false, 'Dare', 'Sergant', null, null, null);
insert into login (username, password, position, first_name, last_name, title, email, phone) values ('barcaseg', '5sqUHpNd52', true, 'Blanch', 'Arcase', 'Electrical Engineer', 'barcaseg@cocolog-nifty.com', '4449009924');
insert into login (username, password, position, first_name, last_name, title, email, phone) values ('acomussoh', 'kP8AIpvW3k0s', false, 'Annabelle', 'Comusso', 'Clinical Specialist', 'acomussoh@dailymail.co.uk', '9709000098');
insert into login (username, password, position, first_name, last_name, title, email, phone) values ('larchdecknei', '2MkDmx', true, 'Luz', 'Archdeckne', 'Tax Accountant', null, '5196301724');
insert into login (username, password, position, first_name, last_name, title, email, phone) values ('jmolloyj', 'F0oODT4CI', false, null, null, 'Research Associate', 'awressellj@baidu.com', null);
insert into login (username, password, position, first_name, last_name, title, email, phone) values ('cmoyk', 'lvgaqzmchQ', false, 'Cam', 'Moy', 'Senior Quality Engineer', 'cmoyk@blinklist.com', '2585841145');
insert into login (username, password, position, first_name, last_name, title, email, phone) values ('wmarshalll', 'GbtRyNx', true, null, null, null, 'adreakinl@cnn.com', '9348936630');
insert into login (username, password, position, first_name, last_name, title, email, phone) values ('bolczykm', 'bEgKgV', true, 'Bridgette', 'Olczyk', 'Registered Nurse', 'bolczykm@weebly.com', null);
insert into login (username, password, position, first_name, last_name, title, email, phone) values ('ngianneschin', 'nksAlaY', true, 'Nicolis', 'Gianneschi', 'Editor', 'ngianneschin@loc.gov', '7887789517');
insert into login (username, password, position, first_name, last_name, title, email, phone) values ('gbythello', 'mV4WgaEJvG', false, 'Giralda', 'Bythell', null, 'gbythello@de.vu', null);
insert into login (username, password, position, first_name, last_name, title, email, phone) values ('bbaumadierp', 'aFDSP7y', false, 'Buddie', 'Baumadier', 'Operator', 'bbaumadierp@mlb.com', '4844401505');
insert into login (username, password, position, first_name, last_name, title, email, phone) values ('hbriggq', 'tTrgA6n', false, 'Hadlee', 'Brigg', 'Data Coordiator', 'hbriggq@intel.com', '8318098105');
insert into login (username, password, position, first_name, last_name, title, email, phone) values ('msaylorr', 'CeKN93IeRs', false, 'Meghann', 'Saylor', 'Actuary', 'msaylorr@smh.com.au', '4423309998');
insert into login (username, password, position, first_name, last_name, title, email, phone) values ('dfahys', 'CYEnkHIPHI', true, 'Dorry', 'Fahy', 'Nurse Practicioner', 'dfahys@wordpress.org', null);
insert into login (username, password, position, first_name, last_name, title, email, phone) values ('csheekeyt', '2OnyD46NtS', true, 'Costa', 'Sheekey', 'Computer Systems Analyst III', null, '3122684236');

insert into request (request_id, submitted_by, amount) values (1, 'hdalby6', 306.32);
insert into request (request_id, submitted_by, amount) values (2, 'skenington2', 640.8);
insert into request (request_id, submitted_by, amount) values (3, 'twrightem1', 743.48);
insert into request (request_id, submitted_by, amount) values (4, 'bgabbitus0', 746.32);
insert into request (request_id, submitted_by, amount) values (5, 'twrightem1', 863.15);
insert into request (request_id, submitted_by, amount) values (6, 'twrightem1', 879.92);
insert into request (request_id, submitted_by, amount) values (7, 'sfetterplace5', 979.8);
insert into request (request_id, submitted_by, amount) values (8, 'mbusch3', 389.74);
insert into request (request_id, submitted_by, amount) values (9, 'hdalby6', 566.27);
insert into request (request_id, submitted_by, amount) values (10, 'hdalby6', 759.42);

insert into resolution (request_id, manager_username, decision, reason) values (4, 'pjoicey4', false, 'Quisque porta volutpat erat. Quisque erat eros, viverra eget, congue eget, semper rutrum, nulla. Nunc purus.');
insert into resolution (request_id, manager_username, decision, reason) values (5, 'pjoicey4', true, 'Vestibulum quam sapien, varius ut, blandit non, interdum in, ante.  Duis faucibus accumsan odio. Curabitur convallis.');
insert into resolution (request_id, manager_username, decision, reason) values (3, 'pjoicey4', false, 'Nullam porttitor lacus at turpis. Donec posuere metus vitae ipsum. Aliquam non mauris.');
insert into resolution (request_id, manager_username, decision, reason) values (9, 'skenington2', false, 'Duis aliquam convallis nunc. Proin at turpis a pede posuere nonummy. Integer non velit.');
insert into resolution (request_id, manager_username, decision, reason) values (2, 'pjoicey4', true, 'Duis aliquam convallis nunc. Proin at turpis a pede posuere nonummy. Integer non velit.');



